epoch,loss,val_loss
0,366.91469515286957,62.68255615234375
1,61.28727780855619,67.802825927734375
